personid,personfirstname,city,street,num,personlastname,mail
1,Fabian,Dibba Al-Fujairah,Hazelcrest,865,Selborne,fselborne0@storify.com
2,Rhodia,Dame-Marie,Elka,5,Backen,rbacken1@ebay.com
3,Jewelle,Wuling,Bluestem,1099,Furman,jfurman2@wp.com
4,Alfons,Tegalalang,Pine View,80,Viccary,aviccary3@lycos.com
5,Dorothy,Fenghuang,4th,13,Freyne,dfreyne4@list-manage.com
6,Konstantin,Shilu,Bashford,352,Dannel,kdannel5@cisco.com
7,Salem,Xiping,Merry,642,Vile,svile6@toplist.cz
8,Gib,Mantes-la-Jolie,Hovde,75510,Ick,gick7@surveymonkey.com
9,Mia,Uttaradit,3rd,7,Zapata,mzapata8@icio.us
10,Dorena,Dizhai,Division,70,Faherty,dfaherty9@t-online.de
11,Bonnibelle,Xiapu,Clarendon,805,Brand,bbranda@dropbox.com
12,Jen,Arrentela,Ronald Regan,20,Moraleda,jmoraledab@e-recht24.de
13,Genevra,Criciúma,Hanson,57,Landsman,glandsmanc@reverbnation.com
14,Marcelia,Kikinda,Coolidge,8309,Fathers,mfathersd@weebly.com
15,Dorie,Panique,Roth,75,Iacopini,diacopinie@timesonline.co.uk
16,Dari,Celso Ramos,Paget,81925,Iacovaccio,diacovacciof@amazon.com
17,Brina,Chemal,Carioca,16,Woolmington,bwoolmingtong@etsy.com
18,Thain,Tsyelyakhany,Blaine,1,Gannicleff,tgannicleffh@goodreads.com
19,Russ,Tarīm,Dunning,5569,Houseman,rhousemani@vk.com
20,Latrena,Chrást,Michigan,5,Hagergham,lhagerghamj@intel.com
21,Benton,Bojawa,Mcbride,731,O'Teague,boteaguek@elpais.com
22,Brocky,Foumbouni,Hauk,77717,Jeffree,bjeffreel@tripadvisor.com
23,Gleda,Fengxian,Independence,92,Pedwell,gpedwellm@addthis.com
24,Gustaf,Huntington,Bluestem,9078,Lumley,glumleyn@phpbb.com
25,Bobinette,Jianqiao,Comanche,4541,Biggin,bbiggino@apple.com
26,Davida,Wangjing,Mendota,3423,Smiz,dsmizp@webmd.com
27,Alie,Mâcon,Stone Corner,56229,Sarten,asartenq@bbb.org
28,Gerri,Bulusari,Pearson,3,Simchenko,gsimchenkor@tamu.edu
29,Adolphus,Utarapasar,Buell,8842,Cantrill,acantrills@cornell.edu
30,Saudra,Listowel,Shasta,808,Sor,ssort@kickstarter.com
31,Glenna,Hörby,Killdeer,96161,Swash,gswashu@loc.gov
32,Gisele,Weyburn,Farmco,4,Stockle,gstocklev@i2i.jp
33,Coraline,Molochnoye,Thierer,38295,Krollmann,ckrollmannw@seesaa.net
34,Abe,Changpu,Johnson,05,O'Leary,aolearyx@ihg.com
35,Cathleen,Serebryanyye Prudy,Hallows,9,McAleese,cmcaleesey@wufoo.com
36,Doretta,Qingu,Pond,27715,Gopsell,dgopsellz@pagesperso-orange.fr
37,Myron,Rzeszów,Nelson,43039,Mc-Kerley,mmckerley10@pagesperso-orange.fr
38,Chris,Morales,Emmet,2,Denekamp,cdenekamp11@sbwire.com
39,Ferne,Gerelayang,Lyons,65,Henkens,fhenkens12@nifty.com
40,Shelley,Karata,Dayton,09221,Sedgmond,ssedgmond13@spiegel.de
41,Mylo,Mino,Sage,8,Herkess,mherkess14@jugem.jp
42,Bethina,Ndungu,Stone Corner,53,Beggin,bbeggin15@unesco.org
43,Hugo,Grosuplje,Autumn Leaf,93,Pickover,hpickover16@columbia.edu
44,Hillard,Āsmār,Maple Wood,28353,Westby,hwestby17@diigo.com
45,Ulrick,Dayong,Cardinal,86858,Goshawke,ugoshawke18@sphinn.com
46,Carlee,Kotabesi,Sunbrook,9,Brayley,cbrayley19@ovh.net
47,Eamon,Xinjie,Gateway,83,Revie,erevie1a@google.it
48,Christie,Gudurica,Center,44694,McPeck,cmcpeck1b@addtoany.com
49,Blair,Skópelos,Arrowood,2,Bletso,bbletso1c@mediafire.com
50,Meta,Guanajay,Hazelcrest,001,Klaaassen,mklaaassen1d@creativecommons.org
51,Archie,Columbus,Huxley,294,Vanyashin,avanyashin1e@angelfire.com
52,Brant,Gyodong,Towne,6,Caine,bcaine1f@tuttocitta.it
53,Estel,Kurchatov,Carpenter,6,Flancinbaum,eflancinbaum1g@uiuc.edu
54,Cicely,Piškorevci,Portage,871,Trassler,ctrassler1h@earthlink.net
55,Jaymee,Tatrang,Ridge Oak,09708,Childes,jchildes1i@com.com
56,L;urette,Şabbūrah,Melby,09,Forrest,lforrest1j@abc.net.au
57,Kristos,Razumnoye,Norway Maple,90,Teesdale,kteesdale1k@google.com.au
58,Roberto,Tajinan,Arizona,935,Rudeyeard,rrudeyeard1l@tamu.edu
59,Helsa,Moya,Springview,42166,Spores,hspores1m@storify.com
60,Skyler,Jingling,Londonderry,64481,Gumery,sgumery1n@ebay.co.uk
61,Kala,Maopingchang,Aberg,4,Geockle,kgeockle1o@example.com
62,Deanna,Vacaria,Canary,48,Calkin,dcalkin1p@bravesites.com
63,Claire,Hesi,Basil,7133,Cleare,ccleare1q@i2i.jp
64,Eveline,Shishan,Kedzie,35,Adamovicz,eadamovicz1r@google.fr
65,Jacqueline,Dzhankoy,Westridge,8,Hawtrey,jhawtrey1s@cpanel.net
66,Parke,Taxisco,Luster,97,Proske,pproske1t@arizona.edu
67,Aline,Anxiang,Northview,42027,Deathridge,adeathridge1u@google.co.uk
68,Manon,Chroustovice,Clyde Gallagher,279,Di Biasio,mdibiasio1v@vinaora.com
69,Roddy,Leduc,Evergreen,0688,Lafayette,rlafayette1w@virginia.edu
70,Gregor,Cibogo,Orin,3,Magnay,gmagnay1x@timesonline.co.uk
71,Hubert,Trostyanets’,Comanche,80092,Gerish,hgerish1y@hud.gov
72,Abbye,Ngrejo,West,8905,Scrase,ascrase1z@howstuffworks.com
73,Rolfe,Guaimaca,Birchwood,3139,Leonards,rleonards20@epa.gov
74,Yolanda,Al ‘Ashshah,Mcbride,92,Pauly,ypauly21@dagondesign.com
75,Ryan,Minami-rinkan,Harbort,0,Toderini,rtoderini22@simplemachines.org
76,Jessamine,Lusong,Melby,84,Ferreo,jferreo23@ft.com
77,Delmar,Lampari,Miller,4677,Boler,dboler24@blogtalkradio.com
78,Odette,Veiga,International,805,Kennford,okennford25@wsj.com
79,Sianna,Dalamdesa Kalapadua,Truax,37,Bowe,sbowe26@ca.gov
80,Fania,Lüxiang,Hoepker,3,Roller,froller27@aboutads.info
81,Megan,Hamburg,Mayer,936,Barthelmes,mbarthelmes28@wp.com
82,Tracy,Issia,Schurz,136,Bysouth,tbysouth29@hp.com
83,Briant,Dar Chabanne,Killdeer,297,Purrier,bpurrier2a@bloglines.com
84,Aurthur,Vostryakovo,Lerdahl,417,Georgins,ageorgins2b@fda.gov
85,Guinevere,Sinmak,Jenna,84568,Aiers,gaiers2c@blogtalkradio.com
86,Annetta,Syrskoye,Homewood,165,Faltskog,afaltskog2d@merriam-webster.com
87,Vito,Gorki Vtoryye,Northport,86591,Harsnipe,vharsnipe2e@youtu.be
88,Roldan,Koz’modem’yansk,Meadow Valley,44431,Peckitt,rpeckitt2f@jugem.jp
89,Bayard,Maras,Gulseth,6,Lebarree,blebarree2g@mysql.com
90,Timmy,Zwedru,Thompson,19,Domenici,tdomenici2h@pinterest.com
91,Teddy,Suhopolje,Annamark,34,Padwick,tpadwick2i@skyrock.com
92,Kenyon,La Francia,Arizona,6,Runnett,krunnett2j@google.es
93,Maggi,Pingtang,Golf Course,3,Jephson,mjephson2k@symantec.com
94,Fernande,Miguel Calmon,Fremont,43,Furmenger,ffurmenger2l@wp.com
95,Pauli,Řehlovice,Memorial,57898,Martlew,pmartlew2m@spotify.com
96,Olvan,Sancti Spíritus,Mayfield,462,Wharram,owharram2n@qq.com
97,Etienne,Granada,Schiller,521,Tydd,etydd2o@rediff.com
98,Chick,Baizhu,Bayside,56,Doubrava,cdoubrava2p@booking.com
99,Doe,Ghormach,Dahle,6,Ballendine,dballendine2q@hostgator.com
100,Wyatan,Trąbki Wielkie,Northport,05986,Waddam,wwaddam2r@ibm.com
101,Eileen,Paris 12,Crescent Oaks,5,Burkin,eburkin2s@quantcast.com
102,Dorene,Negombo,Morning,4,Christoffersen,dchristoffersen2t@twitter.com
103,Ferdy,Al Qaryatayn,Melrose,1,Yarmouth,fyarmouth2u@va.gov
104,Callie,Parychy,Scoville,3012,Spencley,cspencley2v@patch.com
105,Mariellen,Nakhabino,Autumn Leaf,7,Sinderland,msinderland2w@deliciousdays.com
106,Shela,Dahuangwei,Colorado,43778,Callery,scallery2x@ibm.com
107,Alberto,Biru,Farragut,10,Bierton,abierton2y@desdev.cn
108,Simeon,Sadananya,Canary,8302,Sigward,ssigward2z@soundcloud.com
109,Arel,Xinxing,Nobel,8477,Keyho,akeyho30@sohu.com
110,Myrtice,Mullagh,Rockefeller,4604,Brandrick,mbrandrick31@archive.org
111,Cati,Kresek,Village,18,Lascelles,clascelles32@mtv.com
112,Harv,Catriel,Gale,03687,Braddock,hbraddock33@posterous.com
113,Hershel,Ratoath,Elmside,84,Hasloch,hhasloch34@yale.edu
114,Gonzalo,Yudaikelike,Trailsway,0114,Margiotta,gmargiotta35@weibo.com
115,Sam,Taifu,Briar Crest,5674,Wash,swash36@photobucket.com
116,Lynnette,Deba Habe,Anthes,51708,Ganniclifft,lganniclifft37@jigsy.com
117,Alica,Capitán Bado,Autumn Leaf,4,Eamer,aeamer38@msn.com
118,Evangelin,Puqian,Meadow Valley,3,Corrington,ecorrington39@blinklist.com
119,Mandel,Iktābah,Menomonie,95672,Stanbrooke,mstanbrooke3a@unicef.org
120,Zoe,Stockholm,Ohio,0779,Romme,zromme3b@skype.com
121,Zabrina,Mahaplag,Thompson,5188,Ferrero,zferrero3c@amazon.co.jp
122,Clerissa,Yidu,Eagan,21924,Dawidowitsch,cdawidowitsch3d@dyndns.org
123,Selle,Sirnasari,Daystar,6,Greenrod,sgreenrod3e@senate.gov
124,Aldrich,Butubut Norte,New Castle,2795,Cushelly,acushelly3f@clickbank.net
125,Sayre,Pucallpa,Swallow,5,Ockendon,sockendon3g@nps.gov
126,Netty,San Juan del Surutú,Clove,9,Chamley,nchamley3h@behance.net
127,Violante,Anyang,Esch,8,Stanyer,vstanyer3i@mashable.com
128,Tandy,Tolotangga,Waubesa,767,Charpling,tcharpling3j@arizona.edu
129,Nicola,Shigu,Forest,365,Huxley,nhuxley3k@shinystat.com
130,Kriste,Zama,Hovde,00,Robart,krobart3l@naver.com
131,Huntlee,São Sebastião,Oak Valley,25,Bridel,hbridel3m@hexun.com
132,Brocky,Xinzhaiping,School,6419,Lowre,blowre3n@livejournal.com
133,Frank,Margahayukencana,Prentice,0164,Roocroft,froocroft3o@newyorker.com
134,Bink,Арачиново,Kensington,2023,Keay,bkeay3p@bandcamp.com
135,Delinda,Gonghe,New Castle,28656,Clifford,dclifford3q@wp.com
136,Holly,Puerta de Corral Quemado,Pond,249,Fransman,hfransman3r@mit.edu
137,Andras,Lagoa,4th,8431,Galego,agalego3s@unicef.org
138,Stefa,Gavarr,Westport,7008,Shane,sshane3t@reverbnation.com
139,Dierdre,Souto da Costa,Nova,2,Barth,dbarth3u@nsw.gov.au
140,Birk,Laprida,Reindahl,8,Cowherd,bcowherd3v@linkedin.com
141,Nickola,Hezuo,Bonner,157,Langabeer,nlangabeer3w@ameblo.jp
142,Brian,Telč,School,8457,Parcell,bparcell3x@merriam-webster.com
143,Cinda,Huimin,Cherokee,81,Earengey,cearengey3y@youtu.be
144,Judd,Alue Glumpang,Laurel,66,Langthorne,jlangthorne3z@goo.ne.jp
145,Alon,Olmos,Carey,61,Paskell,apaskell40@wikia.com
146,Babs,Kowingir,Northfield,254,Prandin,bprandin41@amazon.com
147,Rolf,Luoping,Bonner,3569,Maffia,rmaffia42@php.net
148,Cora,Novyy,Towne,01754,Godrich,cgodrich43@discuz.net
149,Franklyn,Malanay,Coolidge,9,Esgate,fesgate44@macromedia.com
150,Abbie,Linmansangan,Sage,222,Ducrow,aducrow45@census.gov
151,Anthiathia,Novovasylivka,Kingsford,92,Elener,aelener46@shop-pro.jp
152,Raimundo,Masaling,Lawn,816,Jolliffe,rjolliffe47@trellian.com
153,Norina,Karbinci,Ridgeway,90708,Barclay,nbarclay48@economist.com
154,Burt,Tsuma,Village Green,148,Sheehan,bsheehan49@joomla.org
155,Barney,Tuusniemi,Crest Line,8,Galliford,bgalliford4a@bluehost.com
156,Angelica,Amieira,Blaine,2811,Simpkins,asimpkins4b@blogs.com
157,Esme,Semang,Crest Line,07110,Pechacek,epechacek4c@amazonaws.com
158,Fitzgerald,Carvalhos,Oakridge,2,Wormstone,fwormstone4d@theglobeandmail.com
159,Cord,La Cañada,Green,4,Dencs,cdencs4e@earthlink.net
160,Aubine,Liudu,Vahlen,83167,Larmuth,alarmuth4f@github.com
161,Caterina,Fuyang,Northport,9340,Newcom,cnewcom4g@sciencedaily.com
162,Laryssa,Nepomuceno,Prairie Rose,00456,Paumier,lpaumier4h@jiathis.com
163,Abbie,San Juan Atitán,Mayer,8,Filliskirk,afilliskirk4i@mozilla.org
164,Mora,Uvira,Mallory,65699,Gilston,mgilston4j@sitemeter.com
165,Norris,Xiaoyan,Sloan,02798,Mewett,nmewett4k@jugem.jp
166,Barbabas,Galovac,Sundown,73025,Summerbell,bsummerbell4l@photobucket.com
167,Lovell,Rizómata,Graceland,99472,Patriche,lpatriche4m@amazon.de
168,Elsa,Piotrków Kujawski,Scott,4,Cobbald,ecobbald4n@1und1.de
169,Cristina,Lavrica,Ohio,94861,Roadnight,croadnight4o@domainmarket.com
170,Regen,Longquan,Mesta,5,Leguey,rleguey4p@cafepress.com
171,Anatol,Santos Evos,Anhalt,0,Welsh,awelsh4q@chronoengine.com
172,Lyndy,Nishinomiya-hama,Ohio,77193,Espino,lespino4r@diigo.com
173,Theodor,Seattle,Darwin,5,Akehurst,takehurst4s@facebook.com
174,Aleta,Paya Dapur,Esch,5,Weymont,aweymont4t@cafepress.com
175,Reube,Żarki,Delaware,64195,Trenam,rtrenam4u@techcrunch.com
176,Phedra,Panyarang,Petterle,24,Dehn,pdehn4v@addtoany.com
177,Aldwin,Ugac Sur,Warrior,1384,Phizakarley,aphizakarley4w@washington.edu
178,Kissie,Dunhua,Forest,4,Harrold,kharrold4x@skyrock.com
179,Blanch,Lázně Kynžvart,Goodland,597,Derges,bderges4y@pagesperso-orange.fr
180,Genni,Zhongbu,Manitowish,905,Tripony,gtripony4z@howstuffworks.com
181,Maye,Pirapozinho,Alpine,707,Frangleton,mfrangleton50@webeden.co.uk
182,Daphene,Phatthalung,Village,3,Beaman,dbeaman51@so-net.ne.jp
183,Arnaldo,Piggs Peak,Lerdahl,48,McNirlin,amcnirlin52@tuttocitta.it
184,Chen,Pho Duc,Buena Vista,3247,Flipsen,cflipsen53@bbb.org
185,Benedicto,Várzeas,Dahle,31569,Bonelle,bbonelle54@amazon.com
186,Herculie,Gokwe,Goodland,19781,Dommett,hdommett55@businessinsider.com
187,Melisande,Loket,Shelley,23430,Pell,mpell56@google.pl
188,Reggis,San Marcos de Colón,Monterey,0250,Ottawell,rottawell57@state.gov
189,Gordon,São Miguel da Carreira,Manitowish,45006,McGuinness,gmcguinness58@godaddy.com
190,Nev,Nové Město nad Metují,American Ash,1,Odby,nodby59@blinklist.com
191,Daryl,Dachun,Armistice,80681,Chevin,dchevin5a@fema.gov
192,Rab,Agenebode,Ohio,678,Kollaschek,rkollaschek5b@cbc.ca
193,Arabela,Aston,Del Sol,8,Taig,ataig5c@ovh.net
194,Langsdon,Gunungmalang Satu,Marcy,5,Lattin,llattin5d@themeforest.net
195,Blinnie,Druzhba,Trailsway,85,Kingswood,bkingswood5e@nps.gov
196,Garik,Amarillo,Everett,829,Worley,gworley5f@studiopress.com
197,Selinda,Kalibaru,Utah,49,Barrington,sbarrington5g@cnet.com
198,Dan,Cikaludan,Troy,2708,Joslin,djoslin5h@google.com.hk
199,Marabel,Uliastay,Pennsylvania,0197,Halfacree,mhalfacree5i@theatlantic.com
200,Lilia,Embu Guaçu,Forster,41203,Kuhn,lkuhn5j@geocities.jp
201,Kerk,Águas Vermelhas,Marquette,80563,McKevitt,kmckevitt5k@ehow.com
202,Wilone,Ingersoll,Maywood,95,Di Lucia,wdilucia5l@biblegateway.com
203,Tami,Dihtyari,Pepper Wood,621,Beche,tbeche5m@ucla.edu
204,Lilian,Usa River,Milwaukee,72563,Clipson,lclipson5n@ask.com
205,Hercule,Yunlong,Artisan,0,Splevin,hsplevin5o@cisco.com
206,Cal,Ponikiew,Homewood,75422,Seifert,cseifert5p@blogger.com
207,Kristan,Ponta Delgada,Sommers,90236,Weblin,kweblin5q@dagondesign.com
208,Thornie,Élancourt,Katie,1764,Mewhirter,tmewhirter5r@myspace.com
209,Beauregard,Ruangwa,Bartillon,35,Lockart,blockart5s@ucla.edu
210,Nikolaos,Freetown,Mesta,43697,Haithwaite,nhaithwaite5t@amazon.co.uk
211,Talyah,Concepción,Jana,15,Lukes,tlukes5u@webmd.com
212,Darb,Al Jafr,Sachs,9277,Lavens,dlavens5v@nyu.edu
213,Ardis,Aguas Corrientes,Nancy,0437,Checcuzzi,acheccuzzi5w@woothemes.com
214,Fowler,Catanauan,Wayridge,1258,Sivil,fsivil5x@reuters.com
215,Norton,Tegarenkrajan,Farragut,722,Spurryer,nspurryer5y@ifeng.com
216,Elysha,Jiwuwu,Florence,5,Tynemouth,etynemouth5z@google.com.au
217,Homere,Issy-les-Moulineaux,Sauthoff,917,Skase,hskase60@redcross.org
218,Gerrie,Changqing,Moland,06,Stangroom,gstangroom61@jugem.jp
219,Fergus,Ebetsu,Russell,934,Freddi,ffreddi62@theguardian.com
220,Aldo,Havtsal,Union,875,Emson,aemson63@blogger.com
221,Mike,Jiebu,Pine View,8567,Bernaciak,mbernaciak64@is.gd
222,Dierdre,Ikedachō,Arkansas,03,Lumbly,dlumbly65@barnesandnoble.com
223,Karine,Ipubi,Arkansas,4,Daoust,kdaoust66@topsy.com
224,Hinda,Leme,Barnett,6,Shoard,hshoard67@fda.gov
225,Stormi,Lugang,Golf,4564,Vasiliev,svasiliev68@bbb.org
226,Archaimbaud,Jawornik Polski,Division,297,Muscat,amuscat69@t-online.de
227,Noak,São João dos Inhamuns,Lillian,951,Gunstone,ngunstone6a@domainmarket.com
228,Field,Tungguwaneng,Luster,1063,Theuss,ftheuss6b@is.gd
229,Vanny,Brooklyn,Rutledge,4,Prestwich,vprestwich6c@technorati.com
230,Penni,Harbin,Barby,29612,Quincey,pquincey6d@nhs.uk
231,Sol,Jāsk,Fulton,0,Dmytryk,sdmytryk6e@bravesites.com
232,Torie,Vigo,Buena Vista,7,Shellard,tshellard6f@ocn.ne.jp
233,Lazar,Itum-Kali,Charing Cross,414,Lapides,llapides6g@thetimes.co.uk
234,Arluene,Baitu,Morningstar,9,Jarnell,ajarnell6h@gmpg.org
235,Letitia,Tampocon,Garrison,11050,Pepler,lpepler6i@histats.com
236,Raeann,Labrang,Bartelt,56,Tetla,rtetla6j@wix.com
237,Hendrika,Fujioka,Milwaukee,1459,Peter,hpeter6k@addthis.com
238,Shelba,Hässelby,1st,7,Tison,stison6l@bloglovin.com
239,Carree,Sietesz,Hanson,27648,Wynett,cwynett6m@de.vu
240,Starlene,Uzlovaya,Upham,7242,McGirr,smcgirr6n@msn.com
241,Edd,Banyue,Hoffman,84164,Dict,edict6o@harvard.edu
242,Catina,Baishan,Meadow Valley,54307,Guilder,cguilder6p@google.it
243,Ulrick,Newala Kisimani,Kropf,9,Manna,umanna6q@mapy.cz
244,Bobbe,Kresna,Grover,64,Duplain,bduplain6r@nhs.uk
245,Eydie,Matozinhos,Schlimgen,8,Wisby,ewisby6s@1und1.de
246,Jan,Kamensk-Ural’skiy,Luster,61914,Laden,jladen6t@google.nl
247,Dore,Gamawa,5th,60868,Josupeit,djosupeit6u@yandex.ru
248,Camala,Narva,Gulseth,5737,Ameer-Beg,cameerbeg6v@photobucket.com
249,Isak,Jejkowice,Monica,533,Thorbon,ithorbon6w@google.co.uk
250,Launce,Dimayon,Lighthouse Bay,9772,de Nore,ldenore6x@skype.com
251,Goraud,Guogan,Corben,3074,Mattschas,gmattschas6y@diigo.com
252,Sianna,Karangtengah,2nd,28,Mimmack,smimmack6z@cargocollective.com
253,Susannah,Cajuru,Golden Leaf,5,Ponceford,sponceford70@studiopress.com
254,Lamar,Golubac,Schmedeman,85698,Grandisson,lgrandisson71@wikia.com
255,Melinda,Soloneshnoye,Jenifer,09497,Strowan,mstrowan72@flickr.com
256,Lemar,Tupã,Esch,904,Kaaskooper,lkaaskooper73@sphinn.com
257,Benedetto,Dizangué,Hermina,906,Shelley,bshelley74@multiply.com
258,Kip,Lens,Heffernan,65142,Kibby,kkibby75@elegantthemes.com
259,Neddie,Fandriana,Huxley,4520,Lebarree,nlebarree76@mozilla.org
260,Yoshi,Višnjićevo,Darwin,49,Skough,yskough77@flickr.com
261,Karlie,Rubirizi,Waywood,3216,Garrould,kgarrould78@shop-pro.jp
262,Mildrid,Monte-Carlo,Texas,40,Duffy,mduffy79@slashdot.org
263,Donnie,Gaimán,Lindbergh,39780,Wagerfield,dwagerfield7a@hibu.com
264,Rafa,Nishishinminato,Dixon,66306,Taborre,rtaborre7b@ibm.com
265,Dian,Veyno,Waywood,390,Shulem,dshulem7c@privacy.gov.au
266,Bobbette,Heshang,1st,971,Deaton,bdeaton7d@newsvine.com
267,Robby,Santa Catalina - Dique Lujan,Garrison,7,Di Maria,rdimaria7e@freewebs.com
268,Ives,Cijoho,Elmside,35,Cheers,icheers7f@omniture.com
269,Patin,El Corozal,Arkansas,95640,Reims,preims7g@unblog.fr
270,Janina,Portel,Nancy,66,Provost,jprovost7h@bloglovin.com
271,Charla,Sourotí,Ridgeview,22406,Kinastan,ckinastan7i@amazon.co.jp
272,Kerianne,Kimhae,Weeping Birch,384,Lambotin,klambotin7j@delicious.com
273,Dorie,Pujocucho,Bellgrove,914,De Biasi,ddebiasi7k@mit.edu
274,Aristotle,Qalqaman,Hooker,3,Ferrarotti,aferrarotti7l@prnewswire.com
275,Nate,Palmares,Thompson,4857,Benoist,nbenoist7m@census.gov
276,Dori,Kaiapoi,Muir,3446,Bandt,dbandt7n@ca.gov
277,Ilyse,Cola,Hudson,22,Sperry,isperry7o@newyorker.com
278,Joanne,Wonocolo,Eagan,61,Denmead,jdenmead7p@nba.com
279,Brunhilde,Fengping,Village Green,3,Milstead,bmilstead7q@abc.net.au
280,Arch,Huata,Bartillon,5,McGurn,amcgurn7r@digg.com
281,Carolin,Shah Alam,Larry,8,Skeech,cskeech7s@issuu.com
282,Lezley,Salento,Raven,3035,Picard,lpicard7t@storify.com
283,Abra,Tetovo,Anniversary,09,Newlove,anewlove7u@oakley.com
284,Colver,Berlin,Schmedeman,324,Clitsome,cclitsome7v@amazon.co.uk
285,Sullivan,San Cristobal,John Wall,9,Thomazet,sthomazet7w@stumbleupon.com
286,Maia,Ngetkib,Heath,10896,Elland,melland7x@disqus.com
287,Salomone,Prómachoi,Fair Oaks,5,Leve,sleve7y@salon.com
288,Luigi,München,Gale,2,Earwaker,learwaker7z@gmpg.org
289,Riordan,Maochen,Del Mar,17,Danher,rdanher80@meetup.com
290,Susy,Shimen,Milwaukee,55123,Franzen,sfranzen81@delicious.com
291,Helene,Cielądz,Steensland,6308,Hardwell,hhardwell82@who.int
292,Josee,Ozamiz City,Daystar,1,Sprey,jsprey83@marketwatch.com
293,Roxie,El Paso,South,23,Farnish,rfarnish84@wufoo.com
294,Hilly,Dambarta,Westport,04182,Mosten,hmosten85@newsvine.com
295,Jacintha,Garmeh,Comanche,373,Seeger,jseeger86@hexun.com
296,Glennie,Sukamaju,Dottie,790,Ebbins,gebbins87@g.co
297,Tuesday,Staraya Derevnya,Kinsman,22,Jerrim,tjerrim88@cpanel.net
298,Ivor,Kurashiki,Vahlen,06,Lewins,ilewins89@myspace.com
299,Cristy,Rimba Sekampung,Dennis,0645,Oman,coman8a@taobao.com
300,Bordie,Serang,Hauk,503,Licciardi,blicciardi8b@tamu.edu
301,Nanete,Gatak,John Wall,706,Agneau,nagneau8c@desdev.cn
302,Odette,Wajir,Cottonwood,34,Rousby,orousby8d@google.com
303,Aldwin,Arish,Grasskamp,280,Elfes,aelfes8e@cyberchimps.com
304,Charil,Armstrong,Farwell,69,Blance,cblance8f@go.com
305,Richmound,Changfeng,Anthes,40,Hales,rhales8g@europa.eu
306,Tilly,Repelón,Heffernan,7696,Ibbetson,tibbetson8h@canalblog.com
307,Timmie,Karlskoga,Di Loreto,87398,Yewdale,tyewdale8i@icq.com
308,Townie,Saint-Nazaire,Walton,98,Belsham,tbelsham8j@who.int
309,Barnie,Malekān,Hauk,58563,Powrie,bpowrie8k@fc2.com
310,Marion,Yaozhou,Walton,886,Hubery,mhubery8l@nytimes.com
311,Constancy,København,Tennessee,13588,Tripney,ctripney8m@nasa.gov
312,Lindy,Shuanglu,Stoughton,76,Burdess,lburdess8n@omniture.com
313,Merilyn,Vila Maior,Armistice,89,Grimditch,mgrimditch8o@latimes.com
314,Rutger,Jielong,Gerald,49342,Hinder,rhinder8p@nhs.uk
315,Carie,Réo,Stang,44,Jewett,cjewett8q@cnbc.com
316,Corabelle,Kirovskiy,Bunker Hill,402,Prine,cprine8r@instagram.com
317,Meyer,Pereval'noe,Vera,56,Fiddiman,mfiddiman8s@quantcast.com
318,Dru,Ajman,Bultman,43,Nund,dnund8t@businessinsider.com
319,Lizette,Colca,Northridge,5,Richen,lrichen8u@sciencedaily.com
320,Lori,Arteni,Leroy,99,Mockler,lmockler8v@altervista.org
321,Chalmers,Kanye,Ramsey,97712,Lanigan,clanigan8w@sun.com
322,Corinne,Shaydon,Straubel,48860,Paxforde,cpaxforde8x@amazonaws.com
323,Loraine,Pļaviņas,Burrows,6502,Booth-Jarvis,lboothjarvis8y@weibo.com
324,Dalton,Icononzo,Forest Dale,4,Pacey,dpacey8z@list-manage.com
325,Mord,Lasusua,Hanover,476,Blower,mblower90@yandex.ru
326,Ebonee,Ōfunato,Mifflin,4,Crim,ecrim91@acquirethisname.com
327,Lynna,La Charité-sur-Loire,Tennessee,7834,Bolstridge,lbolstridge92@google.com.au
328,Laurice,Lokoja,Carioca,5,Snowsill,lsnowsill93@forbes.com
329,Katinka,Selizharovo,Cody,2374,Novotna,knovotna94@simplemachines.org
330,Winona,Tobatí,Hanover,20952,Conklin,wconklin95@marriott.com
331,Montgomery,Šipovo,Sunnyside,945,Kinglesyd,mkinglesyd96@cdc.gov
332,Marlow,Jingjiang,Northland,9,Scrivinor,mscrivinor97@google.pl
333,Norry,Oklahoma City,Kipling,06222,Shout,nshout98@cpanel.net
334,Chariot,Roissy Charles-de-Gaulle,Chive,8,Sextone,csextone99@networkadvertising.org
335,Paul,Xibali,Dixon,63,Chieco,pchieco9a@usa.gov
336,Roman,Cernik,Surrey,912,Steed,rsteed9b@wordpress.com
337,Carrol,Nofoali‘i,Arkansas,80,Arney,carney9c@marketwatch.com
338,Gav,Jawl al Majma‘,Dwight,96046,Yarwood,gyarwood9d@youtu.be
339,Prudence,Half Way Tree,Tomscot,31758,Westwood,pwestwood9e@scribd.com
340,Polly,Labuhankananga,Kipling,62155,Verrico,pverrico9f@amazon.co.uk
341,Karilynn,Wantian,Hoepker,60585,Flury,kflury9g@clickbank.net
342,Torrin,Al Azraq ash Shamālī,Shoshone,89028,Jeal,tjeal9h@ocn.ne.jp
343,Max,Real,Thackeray,94145,Jarrelt,mjarrelt9i@fotki.com
344,Ailsun,Shenglilu,Heffernan,90030,Sackler,asackler9j@de.vu
345,Ricca,Kitwe,Ramsey,2310,Bennie,rbennie9k@narod.ru
346,Lorry,Aranyaprathet,Hoffman,37602,Varlow,lvarlow9l@shinystat.com
347,Llywellyn,Chenārān,Huxley,801,Glassopp,lglassopp9m@apple.com
348,Inglebert,Lipinki Łużyckie,Namekagon,69,Spain-Gower,ispaingower9n@yelp.com
349,Wallie,El Carmen,Dakota,2,Pieter,wpieter9o@blogs.com
350,Betty,Majan,Morningstar,9601,Ohrt,bohrt9p@ebay.co.uk
351,Cosetta,Sangzhen,Hoffman,9,Dantesia,cdantesia9q@skyrock.com
352,Felicity,Yangfang,Fairfield,10,Wheal,fwheal9r@cpanel.net
353,Clio,Pentecoste,Little Fleur,240,Eleshenar,celeshenar9s@so-net.ne.jp
354,Daisie,Jenesano,Briar Crest,90,Drillingcourt,ddrillingcourt9t@mayoclinic.com
355,Nealson,Caridad,Hagan,9008,Posse,nposse9u@vimeo.com
356,Meriel,Little Current,Forster,68,Marginson,mmarginson9v@bloomberg.com
357,Kerwinn,Longde Chengguanzhen,Leroy,2,Prime,kprime9w@admin.ch
358,Rock,Piastów,Sundown,391,McGill,rmcgill9x@mac.com
359,Mignonne,Hushan,Doe Crossing,7806,Aspital,maspital9y@ucoz.ru
360,Brock,Dalarik,Brown,3,Jillitt,bjillitt9z@live.com
361,Oralle,Paris 12,Nevada,41,Jenyns,ojenynsa0@bluehost.com
362,Eleonora,Wiązownica,Union,9,Gokes,egokesa1@naver.com
363,Mischa,Kuvandyk,Waxwing,635,Gley,mgleya2@accuweather.com
364,Ginnifer,Az Zawr,Gerald,16,Ucceli,guccelia3@bravesites.com
365,Shoshana,Khemisset,2nd,8652,Lesaunier,slesauniera4@aol.com
366,Harald,Minian,Colorado,3057,Geddis,hgeddisa5@craigslist.org
367,Nikkie,Semiring,Merry,4400,Carss,ncarssa6@indiatimes.com
368,Olia,Tidili Mesfioua,Hovde,84822,Lindenbaum,olindenbauma7@soundcloud.com
369,Goldie,Gumi,Eagan,84,Terron,gterrona8@cocolog-nifty.com
370,Budd,Míthymna,Milwaukee,92,Baton,bbatona9@discuz.net
371,Anabal,Huilong,Arkansas,5545,Michael,amichaelaa@trellian.com
372,Helaine,Emiliano Zapata,Grover,642,Annable,hannableab@google.ca
373,Joyann,Herzliya Pituah,Spenser,3,Spriggen,jspriggenac@macromedia.com
374,Amerigo,Dawangzhuang,Thierer,86438,Gadd,agaddad@earthlink.net
375,Beulah,Patrol,Thackeray,5,Colebourne,bcolebourneae@squidoo.com
376,Erek,São Miguel do Rio Torto,Meadow Valley,958,Taunton.,etauntonaf@1688.com
377,Vevay,Asia,Basil,52394,Donaghie,vdonaghieag@uol.com.br
378,Preston,Porsgrunn,Morningstar,462,Vane,pvaneah@prlog.org
379,Kailey,Guisa,Vera,20,Briddle,kbriddleai@engadget.com
380,Lola,Peristerá,Ramsey,71,Gorini,lgoriniaj@php.net
381,Katherine,Iwai,Bultman,5535,Cicconetti,kcicconettiak@devhub.com
382,Amargo,Wąpielsk,Debs,6,Creevy,acreevyal@ifeng.com
383,Jolene,Bairro,Kings,15,McCray,jmccrayam@github.com
384,Alexis,Ormstown,Bluestem,0496,Foro,aforoan@springer.com
385,Jenny,Negombo,Anderson,20,Brimson,jbrimsonao@tamu.edu
386,Cchaddie,Medan,Crownhardt,72,Estabrook,cestabrookap@washingtonpost.com
387,Jeff,Trashigang,Maryland,8771,Lampitt,jlampittaq@blogger.com
388,Kalvin,Priekule,Arizona,8115,Cleaveland,kcleavelandar@google.fr
389,Caresa,Huage,Elmside,34,Kimmitt,ckimmittas@yahoo.com
390,Bette,Butajīra,Lawn,9,Lawrie,blawrieat@archive.org
391,Terrel,Itaboraí,Porter,5,Fenn,tfennau@amazon.de
392,Loutitia,Lawa-an,Lillian,71,Ozelton,lozeltonav@cloudflare.com
393,Shina,Cala,Algoma,6020,Bartusek,sbartusekaw@abc.net.au
394,Greer,Nanhe,Sloan,683,Wilbore,gwilboreax@salon.com
395,Bronson,Grand Forks,Loomis,2891,Setchfield,bsetchfielday@dell.com
396,Nealson,Montpellier,Veith,15937,Huggens,nhuggensaz@networksolutions.com
397,Celestine,Padangpanjang,North,5516,Antonikov,cantonikovb0@timesonline.co.uk
398,Jonathan,Huayuan,Gerald,67,Muston,jmustonb1@feedburner.com
399,Lorant,Tubungan,New Castle,66,Duetsche,lduetscheb2@umich.edu
400,Burnard,San Carlos,Roth,36457,McGarry,bmcgarryb3@examiner.com
401,Gabi,Madīnat Lab‘ūs,East,8,Van Hesteren,gvanhesterenb4@1688.com
402,Cam,Beigao,Packers,12,Walles,cwallesb5@clickbank.net
403,Roseanne,Chengtian,Carpenter,095,Tippell,rtippellb6@dropbox.com
404,Emlynn,Longhua,Birchwood,52,Deeny,edeenyb7@oaic.gov.au
405,Rozele,Zolotkovo,Monica,713,Dissman,rdissmanb8@edublogs.org
406,Dorine,Argasari,Talmadge,4376,Tuft,dtuftb9@about.me
407,Haskel,Poddor’ye,Mallard,84003,Shawley,hshawleyba@bandcamp.com
408,Winny,Taluncemara,Mosinee,9,Haddinton,whaddintonbb@yahoo.co.jp
409,Onfre,Suban Jeriji,Arrowood,18,Danter,odanterbc@linkedin.com
410,Camila,Torsby,Grover,2073,Waumsley,cwaumsleybd@fema.gov
411,Augusta,Aurelliana,Dennis,16,Bentz,abentzbe@wix.com
412,Evonne,Manuel Antonio Mesones Muro,Corben,904,Trace,etracebf@slashdot.org
413,Johnathan,Farasān,Grover,30,Melan,jmelanbg@soup.io
414,Maximilian,Toila,Lyons,78,Haffenden,mhaffendenbh@sina.com.cn
415,Vasili,Banjar Serangan,Merchant,201,Gooke,vgookebi@delicious.com
416,Keir,Caucaguita,Hintze,9382,Lafond,klafondbj@squidoo.com
417,Josey,Lubenec,Service,4,Cringle,jcringlebk@odnoklassniki.ru
418,Gustavus,Beloeil,South,7531,Hinnerk,ghinnerkbl@mit.edu
419,Codie,Siuna,Oneill,6,Watkiss,cwatkissbm@paypal.com
420,Kattie,Aţ Ţaybah,School,3629,Mahedy,kmahedybn@newsvine.com
421,Marshal,Kahuripan,Dennis,3142,Trime,mtrimebo@ted.com
422,Lin,Fengshan,Duke,086,Crayden,lcraydenbp@amazon.co.jp
423,Misha,Douane,Schiller,95,O'Shiels,moshielsbq@sina.com.cn
424,Erinn,Longquan,Northwestern,530,Charrington,echarringtonbr@constantcontact.com
425,Benito,Meiktila,Oxford,58517,Ferrotti,bferrottibs@tumblr.com
426,Giuseppe,Fangtian,Lake View,193,Lucius,gluciusbt@cocolog-nifty.com
427,Lanna,Qarshi,Mallard,1,Yarnell,lyarnellbu@sina.com.cn
428,Etty,Zabrušany,Quincy,96282,Flay,eflaybv@foxnews.com
429,Edyth,Miraflores,Luster,47,Brabyn,ebrabynbw@simplemachines.org
430,Easter,Cherëmukhovo,Autumn Leaf,01661,de Clerq,edeclerqbx@cisco.com
431,Kessiah,Kalapagenep,Mendota,0303,Brinicombe,kbrinicombeby@hatena.ne.jp
432,Aigneis,Pawłowiczki,Raven,92359,Points,apointsbz@rediff.com
433,Olga,Rejanegara,Vermont,1957,Peck,opeckc0@japanpost.jp
434,Katherina,Tangjia,Packers,964,Breheny,kbrehenyc1@facebook.com
435,Merwin,Parang,Roxbury,5880,Otter,motterc2@zdnet.com
436,Pauly,Beyla,Brown,077,Fordham,pfordhamc3@ucsd.edu
437,Butch,Pingxiang,Meadow Ridge,10,Middler,bmiddlerc4@si.edu
438,Calida,Kobelyaky,Farwell,75733,Rowsell,crowsellc5@theguardian.com
439,Minnaminnie,Suidong,Scott,9503,MacElholm,mmacelholmc6@spotify.com
440,Kinsley,Warungsugan,Kingsford,14564,Hollyer,khollyerc7@hubpages.com
441,Ainslie,Tijucas,Waywood,2,Leonard,aleonardc8@auda.org.au
442,Roanne,Khotsimsk,Cherokee,7599,Danford,rdanfordc9@histats.com
443,Susie,Jingning Chengguanzhen,Waxwing,231,McQueen,smcqueenca@spotify.com
444,Petronella,Ifanes,Huxley,42456,Tolan,ptolancb@webeden.co.uk
445,Emmy,Sarandi,Sugar,04,Di Biagio,edibiagiocc@godaddy.com
446,Lorenza,Kangasala,Katie,26,Chant,lchantcd@i2i.jp
447,Pepita,Devnya,Chinook,044,Mattiussi,pmattiussice@rakuten.co.jp
448,Beltran,Ketapang,Schurz,5,Aldred,baldredcf@redcross.org
449,Flossy,Quận Bốn,Steensland,7224,Pudge,fpudgecg@msu.edu
450,Rhys,Santa Cruz Balanyá,Burrows,8,Spini,rspinich@nih.gov
451,Claudell,Orlová,Independence,9764,Lamputt,clamputtci@auda.org.au
452,Meggi,Besukrejo,Eastlawn,98615,Skittreal,mskittrealcj@businessweek.com
453,Ernaline,Yuejin,Moland,27,Bools,eboolsck@epa.gov
454,Noelyn,Kikinda,Maple,77836,Dreus,ndreuscl@fastcompany.com
455,Umberto,Kärdla,Shopko,5678,Jaslem,ujaslemcm@themeforest.net
456,Kennith,Villa del Carmen,Gerald,5,Raden,kradencn@vkontakte.ru
457,Ninette,Seattle,Dryden,87069,Carcass,ncarcassco@addtoany.com
458,Ana,Kalepasan,Village Green,910,Brownsworth,abrownsworthcp@cargocollective.com
459,Violetta,Ambilobe,Hansons,86,Blouet,vblouetcq@wix.com
460,Ros,Vyatskiye Polyany,Village,662,Batchellor,rbatchellorcr@wikia.com
461,Debera,Zhouxi,Hoard,14,Cairns,dcairnscs@gizmodo.com
462,Faulkner,Busan,Bayside,921,Haly,fhalyct@netlog.com
463,Diannne,Liozon,Jana,93685,Langstrath,dlangstrathcu@acquirethisname.com
464,Dudley,Jistebnice,Loomis,183,Larrett,dlarrettcv@yolasite.com
465,Trenton,Nytva,Truax,9763,Ramos,tramoscw@howstuffworks.com
466,Mei,Santong,Cherokee,305,Nevin,mnevincx@europa.eu
467,Davidde,Sparks,Wayridge,68197,Dittson,ddittsoncy@nhs.uk
468,Ronda,Parengan,Ilene,9,Ghirigori,rghirigoricz@unc.edu
469,Omero,Gò Dầu,Loeprich,74115,Deevey,odeeveyd0@businessweek.com
470,Vanya,Povarovo,Golf View,3978,Fairy,vfairyd1@bluehost.com
471,Frank,La Cruz de Río Grande,Northwestern,46398,Moncey,fmonceyd2@biglobe.ne.jp
472,Woodman,Lawesigalagala Timur,Hoffman,08204,Raitie,wraitied3@jugem.jp
473,Tamar,Roshchino,Hooker,7258,Greatrex,tgreatrexd4@ed.gov
474,Penn,Baabda,Sundown,3,Lantry,plantryd5@nasa.gov
475,Dalis,Vacov,Milwaukee,75613,Spearett,dspearettd6@imageshack.us
476,Aimee,Dolod,Milwaukee,08175,Findlow,afindlowd7@hao123.com
477,Rip,Lang Suan,Upham,147,Jillions,rjillionsd8@fc2.com
478,Corri,Thị Trấn Na Sầm,Sycamore,7787,Yushkin,cyushkind9@creativecommons.org
479,Fayth,Muraloka,Oriole,280,O'Conor,foconorda@wunderground.com
480,Cully,Lingbei,3rd,038,Fazakerley,cfazakerleydb@rambler.ru
481,Riki,Dayton,Shopko,411,Hulke,rhulkedc@163.com
482,Rip,Huanuni,Ramsey,6348,Winspeare,rwinspearedd@cnet.com
483,Francesco,Kataba,Miller,43388,Shiel,fshielde@toplist.cz
484,Granthem,Cabodiongan,Maple Wood,972,Tunsley,gtunsleydf@jalbum.net
485,Francoise,Neskaupstaður,Farmco,5176,Greenly,fgreenlydg@omniture.com
486,Shela,Cabangan,Prairieview,99,Gotcliffe,sgotcliffedh@fotki.com
487,Daniela,Oof,Rusk,4377,Fray,dfraydi@yahoo.com
488,Holden,Mathakola,Scofield,44401,Winning,hwinningdj@exblog.jp
489,Merci,Weixin,Morrow,96,Dell Casa,mdellcasadk@bloomberg.com
490,Silva,Fulin,Utah,9,Foulcher,sfoulcherdl@examiner.com
491,Mackenzie,Castanhal,Mccormick,00904,Schneidau,mschneidaudm@buzzfeed.com
492,Mara,Dijon,Mayfield,4,Gierardi,mgierardidn@nps.gov
493,Jasper,Pinara,Saint Paul,90,Huggons,jhuggonsdo@flavors.me
494,Leopold,Flandes,Kinsman,606,Baudesson,lbaudessondp@go.com
495,Sandi,Echarate,Merrick,7525,Nouch,snouchdq@ed.gov
496,Hurley,Jiquilillo,Vera,3025,Deare,hdearedr@merriam-webster.com
497,Carmon,Kalengwa,Hauk,9,Labuschagne,clabuschagneds@arizona.edu
498,Anny,Radès,Moland,5614,Causey,acauseydt@nationalgeographic.com
499,Blair,Oxapampa,Forest Dale,506,Picott,bpicottdu@netscape.com
500,Emmey,Rendian,Mayer,5,Clibbery,eclibberydv@wikimedia.org
501,Nelia,Nuwara Eliya,Northview,582,Renshaw,nrenshawdw@independent.co.uk
502,Rodger,Suwalan,Browning,113,Madle,rmadledx@nhs.uk
503,Lorne,Duma,Hermina,96067,Keitley,lkeitleydy@nature.com
504,Arni,Chalcos,Miller,1,Altamirano,aaltamiranodz@prnewswire.com
505,Darrell,Chastyye,Judy,55245,Gaitskell,dgaitskelle0@ustream.tv
506,Emelda,Paratunka,Oak Valley,96145,Beckey,ebeckeye1@4shared.com
507,Caresse,Dingjia,Eastlawn,57,Primo,cprimoe2@noaa.gov
508,Agnesse,Lahad Datu,Grim,9084,Lukesch,alukesche3@ucsd.edu
509,Giff,Banjar Danginsema,Parkside,5264,Walas,gwalase4@nasa.gov
510,Rogerio,Wenchun,Farragut,5,Briance,rbriancee5@microsoft.com
511,Chicky,Adelaide Mail Centre,Randy,63970,Rosenwald,crosenwalde6@mapquest.com
512,Barde,Valence,Mesta,47,McGreil,bmcgreile7@google.de
513,Niel,Rio Preto da Eva,Evergreen,24,Edser,nedsere8@dion.ne.jp
514,Katha,Baiguan,Lotheville,59098,Abramino,kabraminoe9@slashdot.org
515,Virgina,Syrostan,Calypso,07,Agius,vagiusea@facebook.com
516,Ulick,Rawson,Grasskamp,10925,Nutley,unutleyeb@wisc.edu
517,Nappie,Bahaodi,Fordem,30608,Southgate,nsouthgateec@sogou.com
518,Danna,Pueblo Nuevo Viñas,Sundown,5,Mapledoram,dmapledoramed@constantcontact.com
519,Hartley,Pātan,Cottonwood,0198,Duffett,hduffettee@php.net
520,Yettie,Huichang,Bonner,280,Darwin,ydarwinef@shinystat.com
521,Lauri,Tanxi,Anderson,22,Hanrahan,lhanrahaneg@digg.com
522,Shirleen,Eastern Suburbs Mc,Mitchell,35,Eaden,seadeneh@google.com.hk
523,Fayth,Baolong,Service,16,Lewendon,flewendonei@yale.edu
524,Grace,Safotulafai,Service,61,Reuble,greubleej@mlb.com
525,Dodi,Dankunku,Hermina,4,Lowbridge,dlowbridgeek@ocn.ne.jp
526,Aurilia,Kallithéa,Del Mar,4,Maunsell,amaunsellel@meetup.com
527,Jennette,Kilmacanoge,Cherokee,412,Gooddy,jgooddyem@census.gov
528,Goddard,Jinji,Mandrake,6224,Gyrgorwicx,ggyrgorwicxen@howstuffworks.com
529,Emilie,Cabano,2nd,05,Benedetti,ebenedettieo@shinystat.com
530,Wren,Şanā’,Kenwood,129,Leathem,wleathemep@i2i.jp
531,Kinsley,Lyon,Orin,20,Hamelyn,khamelyneq@constantcontact.com
532,Cristian,Baiyushan,Maryland,3,Hathaway,chathawayer@thetimes.co.uk
533,Bald,Águas Belas,Esch,94869,Verryan,bverryanes@bandcamp.com
534,Sheffy,Haoxinying,Spohn,74809,Heis,sheiset@deviantart.com
535,Amie,Shiyuan,Stuart,9,Cousen,acouseneu@economist.com
536,Leonore,Amboanjo,Thompson,223,Boerder,lboerderev@usatoday.com
537,Corabel,Zhangjia,Union,90,Barizeret,cbarizeretew@hud.gov
538,Gaby,Bébédja,Dakota,4,Pedlingham,gpedlinghamex@ameblo.jp
539,Dawna,Miaoshou,Shelley,27866,Grimditch,dgrimditchey@hexun.com
540,Giulio,Dawan,Mallard,94794,Glasby,gglasbyez@skyrock.com
541,Hurleigh,Ban Talat Bueng,Loomis,18654,Realff,hrealfff0@bloglines.com
542,Seumas,Luoqiao,Ramsey,81,Colbertson,scolbertsonf1@pcworld.com
543,Joseito,Zhangshui,Hauk,04479,Smillie,jsmillief2@whitehouse.gov
544,Mahmud,Samālūţ,Dakota,26,Fawson,mfawsonf3@uiuc.edu
545,Emeline,Negreiros,Oriole,3949,Spitaro,espitarof4@eepurl.com
546,Heidie,Duraznopampa,Doe Crossing,5,Mulliner,hmullinerf5@twitpic.com
547,Iormina,Santo Niño,Artisan,87,Kerslake,ikerslakef6@pcworld.com
548,Ingra,Xiangba,Namekagon,84,Maun,imaunf7@goo.gl
549,Llewellyn,Salvador,Lawn,2,Hewell,lhewellf8@goo.gl
550,Dwain,Zarechnyy,Namekagon,6058,Dance,ddancef9@gravatar.com
551,Scottie,Santa Cruz,Prairie Rose,3,Tilston,stilstonfa@ox.ac.uk
552,Kalinda,Dhī as Sufāl,Forest Run,16383,Gimbart,kgimbartfb@wikispaces.com
553,Lawton,Atlanta,Scoville,413,Rozalski,lrozalskifc@blogtalkradio.com
554,Shela,Kuala Lumpur,Sachtjen,8,Mulqueeny,smulqueenyfd@tinypic.com
555,Avrit,Sete Lagoas,Fairfield,05713,Capelow,acapelowfe@friendfeed.com
556,Maddy,Bydgoszcz,Summit,8303,Ovid,movidff@sourceforge.net
557,Heidie,San José,Service,4489,Haslock(e),hhaslockefg@free.fr
558,Orlando,Shadrinsk,David,72186,Medcalf,omedcalffh@dropbox.com
559,Nickolas,Panite,Stoughton,72576,Evelyn,nevelynfi@usgs.gov
560,Anitra,Pergan,Westend,427,Callow,acallowfj@is.gd
561,Celesta,Rostov-na-Donu,Westerfield,09,Gadesby,cgadesbyfk@acquirethisname.com
562,Caroline,Pasarbaru,Hermina,473,Ilson,cilsonfl@google.com.br
563,Starr,Bom Despacho,Schurz,09193,Lowthorpe,slowthorpefm@linkedin.com
564,Caria,Capitán Solari,Pankratz,735,Anneslie,cannesliefn@zimbio.com
565,Catharina,Genzi,Almo,32,Shorthouse,cshorthousefo@mayoclinic.com
566,Toby,Tumpang,Shopko,530,Rysom,trysomfp@zdnet.com
567,Linea,Shangjin,Declaration,19101,Ellyatt,lellyattfq@loc.gov
568,Jarvis,Saint Aubin,Victoria,61,Clere,jclerefr@netscape.com
569,Crystal,Hema,Shoshone,753,Tredgold,ctredgoldfs@about.me
570,Quintin,Gvozd,Scofield,867,Flancinbaum,qflancinbaumft@youtube.com
571,Juliann,Lavras,Park Meadow,3,Kasperski,jkasperskifu@ask.com
572,Kameko,Ban Phue,Rockefeller,42,Khomich,kkhomichfv@youtu.be
573,Anabelle,Wugong,Meadow Ridge,94,Dahmel,adahmelfw@omniture.com
574,Urson,Tromsø,Elgar,42,Bansal,ubansalfx@people.com.cn
575,Lorettalorna,Hatsukaichi,Waywood,17,Holbie,lholbiefy@biglobe.ne.jp
576,Leonid,Changgucheng,Hoepker,66925,Glasscock,lglasscockfz@hao123.com
577,Bryan,Nelipyno,Roxbury,2382,Gibbens,bgibbensg0@wsj.com
578,Lorilee,Tingping,Westport,19320,Skains,lskainsg1@skyrock.com
579,Mord,Houston,Waubesa,11498,Wildor,mwildorg2@is.gd
580,Godfry,Jiaogong,Porter,91,Purcell,gpurcellg3@cnbc.com
581,Jarrod,Zarrīn Shahr,Prairieview,349,Winspur,jwinspurg4@tiny.cc
582,Paten,Yacheng,Service,0,Pulster,ppulsterg5@webeden.co.uk
583,Fredra,Ciepielów,Walton,63199,Vondracek,fvondracekg6@harvard.edu
584,Onfre,Baloc,Duke,36932,Caller,ocallerg7@vinaora.com
585,Sela,Haihui,Cambridge,7,Crudgington,scrudgingtong8@gov.uk
586,Brittney,Mtwara,Monica,59230,Pennycook,bpennycookg9@slashdot.org
587,Gilemette,Anguil,Michigan,354,Ruddiman,gruddimanga@eventbrite.com
588,Hurlee,Guantang,Macpherson,29140,Lindenman,hlindenmangb@blogtalkradio.com
589,Durand,Tawaran,Porter,65290,Guisot,dguisotgc@twitter.com
590,Dode,Ożarowice,Veith,831,Mieville,dmievillegd@google.co.jp
591,Tailor,Notodden,Clarendon,8992,Yakov,tyakovge@china.com.cn
592,Ravi,P’asanauri,Sachs,90502,Betonia,rbetoniagf@fc2.com
593,Jacki,Villejuif,La Follette,57092,Jenne,jjennegg@cpanel.net
594,Matelda,El Bauga,Rigney,4115,Meale,mmealegh@state.tx.us
595,Franzen,Limonade,Evergreen,8,Capper,fcappergi@blog.com
596,Wolfie,Banocboc,Pearson,1,Crighten,wcrightengj@trellian.com
597,Deidre,Qianjiang,Jenna,157,Werrit,dwerritgk@gizmodo.com
598,Almeta,Fria,Donald,5552,Lepoidevin,alepoidevingl@vkontakte.ru
599,Atlante,Buđanovci,American Ash,5,Wandtke,awandtkegm@tinypic.com
600,Jeanine,Grigoropolisskaya,Sycamore,434,Gleave,jgleavegn@google.com.hk
601,Maure,Palaióchora,Evergreen,19349,Simioni,msimionigo@paypal.com
602,Claudius,Nagbalaye,Independence,3829,Osmund,cosmundgp@gizmodo.com
603,Alvin,Kopen,Evergreen,5,Bodsworth,abodsworthgq@t-online.de
604,Roselia,Bagé,Anniversary,4,MacLeese,rmacleesegr@forbes.com
605,Nathalia,Ekou,Kropf,8702,Wissby,nwissbygs@rakuten.co.jp
606,Juliann,Piedras,Buell,172,Sehorsch,jsehorschgt@youtu.be
607,Moss,Wawrzeńczyce,Stuart,340,Halton,mhaltongu@vistaprint.com
608,Briggs,Kepahiang,Holy Cross,026,Camelli,bcamelligv@tuttocitta.it
609,Lil,Kerikeri,Packers,9350,Mattsson,lmattssongw@printfriendly.com
610,Willow,Jiujiang,Jenifer,3,Leisman,wleismangx@zdnet.com
611,Katee,Sambiyan,Maywood,69,Ovenden,kovendengy@histats.com
612,Bondy,A Yun Pa,Brentwood,398,Denington,bdeningtongz@eepurl.com
613,Polly,Ulricehamn,Maple Wood,704,Code,pcodeh0@japanpost.jp
614,Britteny,Huhe,Bartelt,801,Valens-Smith,bvalenssmithh1@woothemes.com
615,Shaun,Cikaso,Corry,39527,Vedeshkin,svedeshkinh2@state.gov
616,Arleta,Obudu,Autumn Leaf,2972,Lghan,alghanh3@livejournal.com
617,Jazmin,Shuangfeng,Memorial,80197,Ceeley,jceeleyh4@about.me
618,Ruthe,Candelaria,Hallows,1982,Rattery,rratteryh5@thetimes.co.uk
619,Thalia,San Diego,Debs,5690,Burmaster,tburmasterh6@fc2.com
620,Lonee,Chapultepec,Debra,46840,Stannering,lstanneringh7@google.co.jp
621,Howie,Zengjia,Fallview,68863,Fetherby,hfetherbyh8@columbia.edu
622,Renie,Popovice,Milwaukee,71666,Baudet,rbaudeth9@businessweek.com
623,Reggi,Lansing,Toban,1,Pelzer,rpelzerha@blogspot.com
624,Omar,Göteborg,Packers,7,Fazan,ofazanhb@g.co
625,Caterina,Gedera,Heffernan,83,Idwal Evans,cidwalevanshc@merriam-webster.com
626,Brockie,Dukuhturi,Talmadge,1005,Lakenden,blakendenhd@apache.org
627,Lexine,Le Mans,Fulton,33431,Sage,lsagehe@intel.com
628,Quintana,Lorient,Lotheville,4,Taks,qtakshf@timesonline.co.uk
629,Chip,Karanggedang,Gerald,95678,De Lasci,cdelascihg@a8.net
630,Bryant,Shuiji,Myrtle,77353,Evensden,bevensdenhh@123-reg.co.uk
631,Jodie,Ambatondrazaka,Morningstar,30,Putton,jputtonhi@merriam-webster.com
632,Manny,Phaya Thai,Texas,85144,Bussens,mbussenshj@cnet.com
633,Ula,Garko,Cambridge,98298,Fanthome,ufanthomehk@instagram.com
634,Catie,Matsutō,Arrowood,4,Sangwine,csangwinehl@fc2.com
635,Doralynn,Douarnenez,Johnson,2064,Brik,dbrikhm@blogtalkradio.com
636,Dermot,Carodok,Superior,59151,Fumagallo,dfumagallohn@vinaora.com
637,Greggory,Keffin Hausa,Gerald,241,Bolesworth,gbolesworthho@1und1.de
638,Orlan,Khorramābād,Transport,0785,Daskiewicz,odaskiewiczhp@opera.com
639,Odilia,Tyachiv,Melvin,773,Goodfellowe,ogoodfellowehq@google.com.hk
640,Glyn,Pursat,Gina,60,McCuffie,gmccuffiehr@scribd.com
641,Dale,Itamaraju,Hayes,70073,Kreber,dkreberhs@msn.com
642,Celesta,Sukarama,Weeping Birch,24,Haddick,chaddickht@people.com.cn
643,Todd,Pakapasan Girang,3rd,00,McKee,tmckeehu@artisteer.com
644,Kaitlynn,Andahuaylas,Starling,3356,Kinig,kkinighv@clickbank.net
645,Dru,Stuttgart,Swallow,3014,Marder,dmarderhw@canalblog.com
646,Niels,Plaza Huincul,Scott,87,Menlove,nmenlovehx@chron.com
647,Christen,Béthune,Roth,8306,Canning,ccanninghy@wikipedia.org
648,Garth,Tasovčići,Dakota,37929,Tommeo,gtommeohz@fotki.com
649,Ileana,Fonteleite,Elka,020,Bachelar,ibachelari0@desdev.cn
650,Felecia,Itajubá,Morrow,5373,Ramel,frameli1@prweb.com
651,Revkah,Carvalhal Redondo,Old Shore,2,Edden,reddeni2@sogou.com
652,Charita,Taungdwingyi,Stone Corner,534,Kingswood,ckingswoodi3@over-blog.com
653,Brice,Aldeia,Cordelia,816,Aldie,baldiei4@gov.uk
654,Chuck,Kagal’nitskaya,Vahlen,33206,Pashba,cpashbai5@mail.ru
655,Lesli,Vahdat,North,3,Schreurs,lschreursi6@sogou.com
656,Russell,Gazojak,Hintze,850,Trathen,rtratheni7@buzzfeed.com
657,Sacha,Darvi,Hayes,7063,Furbank,sfurbanki8@blogtalkradio.com
658,Haven,Waipukang,Thompson,14544,Rysdale,hrysdalei9@slashdot.org
659,Hadley,Betong,Mifflin,9181,McDermid,hmcdermidia@phpbb.com
660,Elmer,Kogota,Golden Leaf,395,Frail,efrailib@storify.com
661,Johnna,Méru,Kings,35,Deville,jdevilleic@uiuc.edu
662,Manolo,Toukh,Artisan,050,Van Geffen,mvangeffenid@tinypic.com
663,Therese,Megulung,Starling,6,Larimer,tlarimerie@cornell.edu
664,Olympie,Kerċem,Emmet,02007,Dilon,odilonif@nifty.com
665,Willamina,Azueira,Fisk,68,Juares,wjuaresig@comcast.net
666,Cyrill,Lyamino,Stoughton,17,Wigelsworth,cwigelsworthih@unicef.org
667,Gratia,Luzhang,Brentwood,8,Pensom,gpensomii@etsy.com
668,Celestina,Gludug,Morrow,571,Darling,cdarlingij@photobucket.com
669,Bell,Xiaoxiang,Debs,22992,Awcoate,bawcoateik@google.it
670,Orlando,Mineralni Bani,Sutherland,64,Kief,okiefil@cmu.edu
671,Bonni,Mogok,Lukken,3,Fibbens,bfibbensim@comsenz.com
672,Geri,Kademangan,7th,8185,Leachman,gleachmanin@apple.com
673,Quent,Tiglauigan,Manitowish,8977,Heed,qheedio@si.edu
674,Noel,Boca de Uchire,Maple Wood,90579,Cumbridge,ncumbridgeip@arstechnica.com
675,Lilian,Longra,Manitowish,6877,Dadson,ldadsoniq@comcast.net
676,Emilie,Januária,Pond,9611,Brabin,ebrabinir@google.it
677,Isidoro,Huanchaco,Butternut,29922,Woodcroft,iwoodcroftis@japanpost.jp
678,Becka,Adiwerna,Petterle,4964,Roly,brolyit@salon.com
679,Daisi,Crateús,Magdeline,44,Grimoldby,dgrimoldbyiu@unblog.fr
680,Kelwin,Ḩajjah,Forest Dale,907,Rustich,krustichiv@csmonitor.com
681,Fran,Itigi,Mccormick,485,Troyes,ftroyesiw@printfriendly.com
682,Gifford,Ridderkerk,Delladonna,13966,Kieff,gkieffix@goo.gl
683,Carmella,Ocuviri,Ruskin,4,Rhubottom,crhubottomiy@sciencedirect.com
684,Robby,Reggio Calabria,Helena,4,Wilkisson,rwilkissoniz@netscape.com
685,Egor,Songkar B,Eastwood,1,De Vuyst,edevuystj0@ca.gov
686,Maddy,Lago da Pedra,Maple,42301,Breming,mbremingj1@instagram.com
687,Jasen,Neiguan,Spohn,85,Condit,jconditj2@mapquest.com
688,Rachael,Parravak’ar,Village,0150,Bertelmot,rbertelmotj3@globo.com
689,Reinwald,Nāḩīyat Saddat al Hindīyah,Sauthoff,7,Rolf,rrolfj4@wunderground.com
690,Salomo,Condong,Forster,93,Osboldstone,sosboldstonej5@oracle.com
691,Link,Eastern Suburbs Mc,Vernon,540,Longina,llonginaj6@mashable.com
692,Asa,Trincomalee,New Castle,8688,Leggen,aleggenj7@issuu.com
693,Winny,Atafu Village,Fairfield,6115,Streight,wstreightj8@wikipedia.org
694,Torr,Nanaimo,Kedzie,2,Bugden,tbugdenj9@google.com
695,Humfrid,Tiaodeng,Debra,4,Bemand,hbemandja@wikimedia.org
696,Marigold,Bhokadoke,Northridge,99,Petrelli,mpetrellijb@yellowbook.com
697,Irv,Bāmyān,Fairfield,82583,Abels,iabelsjc@nba.com
698,Benoit,Penisihan,Westridge,3062,Dreini,bdreinijd@squidoo.com
699,Johnna,Piastów,Anniversary,8,Quiney,jquineyje@infoseek.co.jp
700,Nichols,Huaikan,Swallow,18431,McGuffie,nmcguffiejf@europa.eu
701,Jarrod,Yarang,Mosinee,6,Vanin,jvaninjg@cbslocal.com
702,Frederica,Shingū,Bunker Hill,341,Elles,fellesjh@ucsd.edu
703,Arvy,Františkovy Lázně,Rusk,8,Patinkin,apatinkinji@yandex.ru
704,Darla,Ayní,Alpine,696,Rief,driefjj@goo.ne.jp
705,Doug,Grecheskoye,Sutteridge,39,Emanson,demansonjk@oakley.com
706,Kirbee,Gaotuo,Reindahl,5,Stean,ksteanjl@nyu.edu
707,Elvis,Urzuf,Basil,12,Devereu,edevereujm@prweb.com
708,Libbey,Guararapes,Independence,8,Whetson,lwhetsonjn@flickr.com
709,Shellie,Taozixi,Hoard,855,Segge,sseggejo@dot.gov
710,Free,Dagohoy,Oriole,0,Sausman,fsausmanjp@imgur.com
711,Eyde,Vojnić,Dawn,71,Shoosmith,eshoosmithjq@ed.gov
712,Rhona,Sieradza,Fairview,88,Chrishop,rchrishopjr@bandcamp.com
713,Adiana,Maniowy,Sunbrook,2,Venners,avennersjs@furl.net
714,Archaimbaud,Mont-Royal,Service,8,Boyett,aboyettjt@princeton.edu
715,Hedvig,Novyy Uoyan,Crescent Oaks,315,Moye,hmoyeju@phoca.cz
716,Livia,Cayna,American,09814,Fierman,lfiermanjv@nationalgeographic.com
717,Renado,Olbramovice,Commercial,89,Farrier,rfarrierjw@forbes.com
718,Dagny,Chunxi,Declaration,57,Cornock,dcornockjx@typepad.com
719,Barbe,São Mateus do Maranhão,Graceland,34283,Aysik,baysikjy@webs.com
720,Odetta,Tulsīpur,Linden,3817,Chrishop,ochrishopjz@fotki.com
721,Coralyn,Guangshan Chengguanzhen,Mesta,86,Bool,cboolk0@creativecommons.org
722,Peadar,Podkamennaya Tunguska,Oakridge,24,Durtnel,pdurtnelk1@list-manage.com
723,Therese,Camp Ithier,Orin,2545,Maciak,tmaciakk2@statcounter.com
724,Lelia,São Sebastião,Lakeland,07,Plumm,lplummk3@dedecms.com
725,Wilburt,Qohord-e Bālā,Kropf,2,Stolli,wstollik4@vkontakte.ru
726,Addy,Paris 10,Shoshone,6,Wolledge,awolledgek5@goo.gl
727,Nowell,Bajomulyo,Mosinee,7974,Rodie,nrodiek6@goo.ne.jp
728,Flss,Ketara,Shelley,585,Aldgate,faldgatek7@omniture.com
729,Delinda,Isesaki,Dwight,8,Dulanty,ddulantyk8@myspace.com
730,Gray,Djohong,Schurz,674,Essberger,gessbergerk9@epa.gov
731,Felicity,Cimanggu Wetan,Mallard,0,Busek,fbusekka@tmall.com
732,Merry,Paris 12,Debs,5283,Ellissen,mellissenkb@ustream.tv
733,Dinny,Myeik,Di Loreto,7,Yakob,dyakobkc@wikipedia.org
734,Meade,Rājbirāj,Shelley,8,Pessolt,mpessoltkd@fc2.com
735,Warren,General Luna,Forest,83,Latchford,wlatchfordke@netlog.com
736,Kellina,Talacogon,Bartillon,1,Jelf,kjelfkf@cornell.edu
737,Dallas,Dianya,Golden Leaf,623,Joost,djoostkg@princeton.edu
738,Abbe,Kabare,Rusk,289,Bliben,ablibenkh@booking.com
739,Lotte,Besançon,Hudson,6,Glazer,lglazerki@netvibes.com
740,Gilberta,Maria Aurora,Ridgeview,0185,Soares,gsoareskj@umn.edu
741,Kalvin,Itagibá,Blackbird,0227,Kolak,kkolakkk@yale.edu
742,Innis,Binuangan,Monica,4,Glen,iglenkl@biblegateway.com
743,Carlyn,Västervik,Buena Vista,6,Alsopp,calsoppkm@4shared.com
744,Jorgan,Pyšely,Summerview,98,Rein,jreinkn@washington.edu
745,Cammi,Messina,Hooker,2,Bryde,cbrydeko@addtoany.com
746,Alexio,Vyshhorod,Veith,28055,Killingbeck,akillingbeckkp@plala.or.jp
747,Christoper,Dzvinogrud,Gerald,331,Zecchetti,czecchettikq@yahoo.co.jp
748,Frans,Jiaogong,Ryan,8,Ridgley,fridgleykr@simplemachines.org
749,Caddric,Jiji,Carpenter,615,Cicero,cciceroks@census.gov
750,Sayre,Czarna Woda,Banding,4,Danilchenko,sdanilchenkokt@ca.gov
751,Nils,Yelabuga,Arizona,2,Inder,ninderku@apple.com
752,Shandee,Carumas,Waxwing,7,Bartoszek,sbartoszekkv@php.net
753,Kurt,Thạnh Mỹ,Shopko,54101,Moxom,kmoxomkw@howstuffworks.com
754,Hali,Nantes,Red Cloud,47,Gonning,hgonningkx@nhs.uk
755,Lonnie,Kamárai,Summer Ridge,4709,Miguet,lmiguetky@51.la
756,Cal,Kidangbang,Grim,96,Domengue,cdomenguekz@foxnews.com
757,Preston,Svalyava,Hanson,18,Colliss,pcollissl0@hexun.com
758,Randell,El Carmen,Eagle Crest,1,McGillivray,rmcgillivrayl1@oracle.com
759,Arlina,Cañete,Sheridan,22141,Donnel,adonnell2@bravesites.com
760,Roxine,Gongjiahe,Maple Wood,80836,Cuffe,rcuffel3@columbia.edu
761,Berti,Jangheung,Claremont,34111,Camili,bcamilil4@chicagotribune.com
762,Kerrill,Coaraci,Saint Paul,5340,McCraine,kmccrainel5@nationalgeographic.com
763,Benedikta,Acolla,Summer Ridge,741,Tearney,btearneyl6@ucla.edu
764,Judd,Zhouyuan,Meadow Valley,4846,Boyall,jboyalll7@google.de
765,Jasmina,Porto Alegre,Dawn,289,Birdfield,jbirdfieldl8@sbwire.com
766,Aretha,Turka,Granby,61,Killeley,akilleleyl9@cnbc.com
767,Kale,Sungaimaja,Alpine,96273,McGill,kmcgillla@businessweek.com
768,Catrina,Ji’an,Lien,0116,Powelee,cpoweleelb@clickbank.net
769,Cleopatra,Huế,Briar Crest,2,Rizzardi,crizzardilc@quantcast.com
770,Wren,Kuala Bintang,Bellgrove,3239,Serot,wserotld@hud.gov
771,Tatum,Pingpo,Sutteridge,458,McAloren,tmcalorenle@slideshare.net
772,Ichabod,Tangxia,Ludington,26,Spiteri,ispiterilf@infoseek.co.jp
773,Guy,Kensington,Meadow Valley,4,Anwell,ganwelllg@baidu.com
774,Carmel,Muff,Valley Edge,00442,Crotty,ccrottylh@barnesandnoble.com
775,Fina,Xiaochengzi,2nd,8127,Fancett,ffancettli@weebly.com
776,Addie,Kalajoki,West,408,Coen,acoenlj@columbia.edu
777,Sully,Khrebtovaya,Texas,82382,Cake,scakelk@uol.com.br
778,Carr,Hafrsfjord,Dixon,05,Sargint,csargintll@mysql.com
779,Alicia,Burunday,Superior,08702,Sever,aseverlm@census.gov
780,Dorolice,Magang,Hooker,65670,Graddon,dgraddonln@hibu.com
781,Ingram,Concordia,Reindahl,148,Ghidotti,ighidottilo@bing.com
782,Melanie,Protaras,Golf,5,Saltman,msaltmanlp@github.io
783,Pryce,Yefremov,Susan,75,Tremmil,ptremmillq@timesonline.co.uk
784,Barri,Shatrovo,Schiller,80651,Potebury,bpoteburylr@aboutads.info
785,Delainey,Nghĩa Hành,Golf View,9703,Anstey,dansteyls@si.edu
786,Robinson,Mulchén,Pine View,72877,Maddra,rmaddralt@cornell.edu
787,Maximilian,Medellín,Stoughton,214,Shoveller,mshovellerlu@fema.gov
788,Clarey,Hagonoy,Mcbride,93,McNaught,cmcnaughtlv@devhub.com
789,Ulrikaumeko,Wulan Hada,Quincy,73,Speck,uspecklw@wired.com
790,Feliza,Artsvaberd,School,3826,Peacher,fpeacherlx@va.gov
791,Giustina,Gunungangka,Ronald Regan,85908,Screwton,gscrewtonly@illinois.edu
792,Brandea,Eloy Alfaro,Division,60513,Hubbold,bhubboldlz@mlb.com
793,Holly,Bantu,Monument,63,Kreuzer,hkreuzerm0@disqus.com
794,Randa,Usarin,Londonderry,388,Garrad,rgarradm1@dmoz.org
795,Ira,Karangsumber,Comanche,517,Flux,ifluxm2@reference.com
796,Tonya,Lishan,Eggendart,5136,Cours,tcoursm3@google.com.hk
797,Jarib,Manat,South,92304,Diego,jdiegom4@uol.com.br
798,Brigida,Larvik,Becker,155,Dahill,bdahillm5@nymag.com
799,Garold,Gnojnik,Bobwhite,36257,Featherstonehaugh,gfeatherstonehaughm6@ihg.com
800,Elsey,Shache,Dakota,31999,Hame,ehamem7@miibeian.gov.cn
